"id","Name","Created_at","Updated_at"
1,"None","2020-11-12 11:50:25",NULL
2,"Litre(s)","2020-11-13 05:37:19",NULL
3,"Packs","0000-00-00 00:00:00",NULL
4,"Packets","0000-00-00 00:00:00",NULL
5,"Dozen","0000-00-00 00:00:00",NULL
6,"Box","0000-00-00 00:00:00",NULL
7,"Sachets","0000-00-00 00:00:00",NULL
8,"Tins","0000-00-00 00:00:00",NULL
9,"Containers","0000-00-00 00:00:00",NULL
10,"Kilogram(s)","2020-11-13 05:37:06",NULL
11,"Bags","2020-11-12 05:10:30",NULL
12,"Rolls","0000-00-00 00:00:00",NULL
13,"Pieces","2020-11-12 14:01:18",NULL
14,"Bundles","2020-11-17 08:29:49",NULL
15,"Trays","2021-03-27 12:13:52",NULL
16,"Eggs","2021-03-27 12:15:04",NULL
17,"Bunches","2021-03-27 13:27:08",NULL
18,"Punnet(s)","2022-03-05 05:32:24",NULL
19,"Jar(s)","2022-03-05 09:40:03",NULL
